INSERT INTO SanPham VALUES ('b1008f4c-4318-11ed-b878-0242ac120402','SP001',N'Quần bò')
INSERT INTO SanPham VALUES ('b1008f4c-4318-11ed-b878-0242ac120409','SP002',N'Áo Sweater')
INSERT INTO SanPham VALUES ('b1008f4c-4318-11ed-b878-0242ac120408','SP003',N'Giày vans')
INSERT INTO SanPham VALUES ('b1008f4c-4318-11ed-b878-0242ac120407','SP004',N'Dép xangDan')
INSERT INTO SanPham VALUES ('b1008f4c-4318-11ed-b878-0242ac120406','SP005',N'Mũ cối')

INSERT INTO NSX VALUES ('b1008f4c-4318-11ed-b878-0242ac180002','NSX001',N'Suziki')
INSERT INTO NSX VALUES ('b1008f4c-4318-11ed-b878-0242ac180003','NSX002',N'Yamaha')
INSERT INTO NSX VALUES ('b1008f4c-4318-11ed-b878-0242ac180004','NSX003',N'Lody')
INSERT INTO NSX VALUES ('b1008f4c-4318-11ed-b878-0242ac180005','NSX004',N'Teelab')
INSERT INTO NSX VALUES ('b1008f4c-4318-11ed-b878-0242ac180006','NSX005',N'Honda')

INSERT INTO MauSac VALUES ('b1008f4c-4318-11ed-b878-0256ac120047','MS001',N'Blue')
INSERT INTO MauSac VALUES ('b1008f4c-4318-11ed-b878-0256ac120046','MS002',N'Black')
INSERT INTO MauSac VALUES ('b1008f4c-4318-11ed-b878-0256ac120045','MS003',N'Orange')
INSERT INTO MauSac VALUES ('b1008f4c-4318-11ed-b878-0256ac120044','MS004',N'Green')
INSERT INTO MauSac VALUES ('b1008f4c-4318-11ed-b878-0256ac120043','MS005',N'White')

INSERT INTO DongSP VALUES ('b5008f4c-4318-11ed-b878-0242ac120088','DongSP001',N'Giày')
INSERT INTO DongSP VALUES ('b5008f4c-4318-11ed-b878-0242ac120087','DongSP002',N'Áo')
INSERT INTO DongSP VALUES ('b5008f4c-4318-11ed-b878-0242ac120086','DongSP003',N'Giày')
INSERT INTO DongSP VALUES ('b5008f4c-4318-11ed-b878-0242ac120085','DongSP004',N'Dép')
INSERT INTO DongSP VALUES ('b5008f4c-4318-11ed-b878-0242ac120084','DongSP005',N'Mũ')

INSERT INTO ChiTietSP VALUES ('b5018f7c-4318-11ed-b878-0242ac120049','b1008f4c-4318-11ed-b878-0242ac120402','b1008f4c-4318-11ed-b878-0242ac180002','b1008f4c-4318-11ed-b878-0256ac120047','b5008f4c-4318-11ed-b878-0242ac120088',2,N'Đẹp',1000,1800,2300)
INSERT INTO ChiTietSP VALUES ('b5018f7c-4318-11ed-b878-0242ac120048','b1008f4c-4318-11ed-b878-0242ac120409','b1008f4c-4318-11ed-b878-0242ac180003','b1008f4c-4318-11ed-b878-0256ac120046','b5008f4c-4318-11ed-b878-0242ac120087',2,N'Đẹp',1500,1800,25000)
INSERT INTO ChiTietSP VALUES ('b5018f7c-4318-11ed-b878-0242ac120047','b1008f4c-4318-11ed-b878-0242ac120408','b1008f4c-4318-11ed-b878-0242ac180004','b1008f4c-4318-11ed-b878-0256ac120045','b5008f4c-4318-11ed-b878-0242ac120086',2,N'Đẹp',2000,1800,3200)
INSERT INTO ChiTietSP VALUES ('b5018f7c-4318-11ed-b878-0242ac120046','b1008f4c-4318-11ed-b878-0242ac120407','b1008f4c-4318-11ed-b878-0242ac180005','b1008f4c-4318-11ed-b878-0256ac120044','b5008f4c-4318-11ed-b878-0242ac120085',2,N'Đẹp',1300,1800,4300)
INSERT INTO ChiTietSP VALUES ('b5018f7c-4318-11ed-b878-0242ac120045','b1008f4c-4318-11ed-b878-0242ac120406','b1008f4c-4318-11ed-b878-0242ac180006','b1008f4c-4318-11ed-b878-0256ac120043','b5008f4c-4318-11ed-b878-0242ac120084',2,N'Đẹp',1700,1800,2700)

INSERT INTO CuaHang VALUES ('f1489b52-c657-4865-9d3e-04f885967c29', 'CH01', N'Vinmart+', N'Cầu Giấy', N'Hà Nội', N'Việt Nam')
INSERT INTO CuaHang VALUES ('3a50fede-4118-4f9b-9d9e-df11f59cc52f', 'CH02', N'CO.OP Mart', N'Thanh Trì', N'Hà Nội', N'Việt Nam')

INSERT INTO ChucVu VALUES ('1cd10828-e919-4959-900f-d7b0cb2be297', 'CHT', N'Cửa hàng trưởng')
INSERT INTO ChucVu VALUES ('2871f813-1b1f-4e4f-92d1-0685e7f07e43', 'NVBH', N'Nhân viên bán hàng')

INSERT INTO NhanVien VALUES ('6e941a83-c6b7-4af6-8b6b-2f9dcbd90318', 'NV001', N'Dư', N'Duy', N'Đào', N'Nam', '1998-10-01', N'Cầu Giấy, Hà Nội', '0988123456', N'abc123', 'f1489b52-c657-4865-9d3e-04f885967c29', '1cd10828-e919-4959-900f-d7b0cb2be297', '6e941a83-c6b7-4af6-8b6b-2f9dcbd90318', 0)
INSERT INTO NhanVien VALUES ('6ed155a6-1903-4bdf-8868-8ea90cd00e91', 'NV002', N'Sơn', N'Trường', N'Phạm', N'Nam', '1999-8-21', N'Hoàng mai, Hà Nội', '0985654321', N'xyz987', 'f1489b52-c657-4865-9d3e-04f885967c29', '2871f813-1b1f-4e4f-92d1-0685e7f07e43', '6ed155a6-1903-4bdf-8868-8ea90cd00e91', 0)

